LotArea,BedroomAbvGr,SalePrice
-0.2070707566820521,0.163723018527334,0.34715427018010064
-0.09185489899357327,0.163723018527334,0.007285824194667162
0.0734548098638094,0.163723018527334,0.5359700735053414
-0.09686428411046366,0.163723018527334,-0.5151045650051658
0.3750197939006105,1.3895466444242945,0.8695446593799336
0.3604925770616284,-2.287924233266587,-0.4773414043401176
-0.04336405106207436,0.163723018527334,1.5870447120158486
-0.013508115765407674,0.163723018527334,0.2401586482957975
-0.440508103129144,-1.0621006073696264,-0.6422405392441612
-0.310264090089994,-1.0621006073696264,-0.7920344098821857
0.068445424746919,0.163723018527334,-0.6472756273328344
0.14098132123949175,1.3895466444242945,2.065378080439792
0.24557728248016297,-1.0621006073696264,-0.4647536841184349
0.013542563865800399,0.163723018527334,1.240882405919574
0.040392868092332855,-1.0621006073696264,-0.30111332123655954
-0.440508103129144,-1.0621006073696264,-0.6158063267786276
0.07255312054276912,-1.0621006073696264,-0.4018150830100213
0.027468654490755667,-1.0621006073696264,-1.1444905760893018
0.31841374207974915,0.163723018527334,-0.2759378807931941
-0.2962378117627009,0.163723018527334,-0.5276922852268485
0.37051134729540913,1.3895466444242945,1.8173999920726425
-0.3073586467221976,0.163723018527334,-0.5226571971381754
-0.07762824526160458,0.163723018527334,0.6177902549462791
-0.6304639867616273,0.163723018527334,-0.6422405392441612
-0.22750904795896487,0.163723018527334,-0.3388764819016077
0.3720141628304763,0.163723018527334,0.9488472967765348
-0.3323053846043117,0.163723018527334,-0.580560710157916
0.09629760599682954,0.163723018527334,1.574456991794166
0.5815066484188322,-1.0621006073696264,0.33456654995841795
-0.42006981185223125,-2.287924233266587,-1.4151265608554804
-0.2020613715651617,0.163723018527334,-1.7738765871734379
-0.19765311266229818,0.163723018527334,-0.39740938093243233
0.05331708169391005,0.163723018527334,-0.012854528160025193
0.0035237936320196314,1.3895466444242945,-0.1941176993522564
-0.3209841742401394,-1.0621006073696264,1.2157069654762085
0.2906617485321764,1.3895466444242945,1.6122201524592141
0.03428141824972659,0.163723018527334,-0.4521659638967522
-0.19885536509035187,0.163723018527334,-0.3514642021232904
-0.25996986351641455,0.163723018527334,-0.9053238918773302
-0.4485231193161686,-1.0621006073696264,-1.2451923378627636
-0.1862317145957881,0.163723018527334,-0.26335016057151134
0.6400162665841118,-1.0621006073696264,-0.13747295835468415
-0.1339337339754525,-1.0621006073696264,-0.4647536841184349
-0.13192997992869634,0.163723018527334,-0.6378348371665723
-0.257665546362645,0.163723018527334,-0.502516844783483
-0.2864194169335958,-1.0621006073696264,1.749426302875556
0.23094987793884306,-2.287924233266587,0.739714913013498
0.058025903703787005,0.163723018527334,0.8657683433134288
-0.607220439819256,-1.0621006073696264,-0.8549730109905993
-0.27800364993721993,0.163723018527334,-0.6787449278870412
0.3358464022865277,0.163723018527334,-0.049358916802905085
-0.42848557884860705,0.163723018527334,-0.8360914306580752
-0.20486662723062032,-1.0621006073696264,-0.8927361716556474
3.982879142787403,-3.5137478591635474,2.568886889307101
-0.33891777295860703,0.163723018527334,-0.640981767221993
-0.03424697014933386,0.163723018527334,-0.0053018960270155594
-0.7886603687530257,0.163723018527334,-0.10600365780047734
0.11302895228724343,0.163723018527334,0.19610162751990798
0.31711130194935766,0.163723018527334,3.245854482829198
-0.3323053846043117,-1.0621006073696264,-0.7051791403525749
0.25599680352329496,0.163723018527334,-0.2885256010148768
-0.3323053846043117,0.163723018527334,-1.0060256536507919
-0.40824766297636994,-1.0621006073696264,0.2716279488500043
-0.021723507357107902,0.163723018527334,-0.5151045650051658
-0.11439713201958,0.163723018527334,0.4856191926186106
-0.09275658831461354,1.3895466444242945,1.712921914232676
0.9400784350858458,0.163723018527334,-0.01159575613785692
0.014845003996191899,0.163723018527334,0.5674393740595483
-0.5919919090639092,-1.0621006073696264,-1.2703677783061291
0.5085700011169081,0.163723018527334,0.5548516538378655
0.31400548317688565,0.163723018527334,0.7940183380498372
-0.29233049137152645,-1.0621006073696264,-0.6472756273328344
-0.03765335202881932,0.163723018527334,0.05134284497055669
-0.03174227759088867,0.163723018527334,-0.45342473591892046
-0.47357004490062055,0.163723018527334,-0.9254642442320226
-0.893757268505386,-1.0621006073696264,-1.1319028558676192
-0.20456606412360692,-1.0621006073696264,-0.5686023759473173
-0.1885360317495577,-1.0621006073696264,-0.6787449278870412
0.026166214360364166,1.3895466444242945,-0.5591615857810553
-0.0076972290298148284,-1.0621006073696264,-0.8927361716556474
0.24878328895497281,1.3895466444242945,0.15833846685485983
-0.6028121809163924,-1.0621006073696264,-0.34517034201244906
-0.031141151376861825,0.163723018527334,0.80660605827152
-0.1627877922487411,0.163723018527334,-0.6850387879978825
-0.1990557404950275,0.163723018527334,-0.15635453868720822
0.5552574704063266,1.3895466444242945,0.9954218615967608
0.13967888110910026,0.163723018527334,-0.08712207746795325
-0.6578152294998488,-1.0621006073696264,-0.20670541957393912
-0.20506700263529595,-1.0621006073696264,-1.2074291771977155
-0.24514208357041903,0.163723018527334,-0.7215431766407624
-0.3323053846043117,-1.0621006073696264,-0.8939949436778157
-0.2020613715651617,-1.0621006073696264,-1.0362361821828305
0.2848508617965836,-1.0621006073696264,-0.21929313979562182
-0.3323053846043117,1.3895466444242945,-0.5918896583574303
-0.11820426470841669,0.163723018527334,0.29995031934879046
-0.075323928107835,0.163723018527334,0.05134284497055669
-0.02533026464126898,0.163723018527334,0.4163867313993556
0.04049305579467066,0.163723018527334,-1.084698905036309
0.010837495902679592,-1.0621006073696264,-1.232604617641081
-0.11990745564815943,0.163723018527334,-0.6541988734547599
0.008633366451247824,0.163723018527334,0.3030972494042111
-0.1313288537146695,0.163723018527334,-0.03677119658122236
-0.3505395464297927,1.3895466444242945,-0.7798998475884835
-0.01150436171865152,0.163723018527334,0.22631215605194652
-0.276400646699815,1.3895466444242945,-0.1437668184655255
-0.11439713201958,0.163723018527334,0.8695446593799336
0.028370343811795935,-1.0621006073696264,-1.0186133738724747
-0.4525306274096809,-1.0621006073696264,-0.8297975705472338
-0.2020613715651617,0.163723018527334,-0.8297975705472338
0.12364884873505104,0.163723018527334,0.1142814460789703
-0.09936897666890886,1.3895466444242945,-0.5541264976923822
-0.27720214831851747,0.163723018527334,-0.01159575613785692
-0.05528638764027347,1.3895466444242945,2.555921537478768
1.0502849076574343,0.163723018527334,0.45414989206440376
-0.32639431016638104,0.163723018527334,0.9891280014859195
-0.7300505628854081,-1.0621006073696264,-0.06194663702458781
0.110123508919447,0.163723018527334,-0.5276922852268485
-0.19845461428100064,-1.0621006073696264,-0.326288761679925
0.18626616269618082,2.615370270321255,1.750685074897724
-0.20596869195633621,0.163723018527334,-0.2131251568869973
1.095669936816461,-2.287924233266587,-0.01159575613785692
-0.44651936526941244,0.163723018527334,-1.0186133738724747
-0.10548042651151512,0.163723018527334,-0.5654554458918967
-0.2629754945865488,-1.0621006073696264,-0.34013525392377597
0.6538421695067292,0.163723018527334,0.0009919640838258012
-0.37438421958619095,-1.0621006073696264,-1.2137230373085568
-0.5599318443158108,-1.0621006073696264,-0.6661572076653585
-0.6140332035782269,0.163723018527334,-1.18225373675435
-0.2932321806925667,0.163723018527334,-0.326288761679925
-0.1546725883593787,0.163723018527334,-0.3892273627883386
0.36900853176034204,1.3895466444242945,0.5674393740595483
0.17103763194083407,0.163723018527334,0.7940183380498372
-0.31347009656480385,0.163723018527334,-0.37978657262207655
-0.367070517315531,-1.0621006073696264,0.49191305272945196
-0.018216937775284634,0.163723018527334,-0.01159575613785692
-0.011704737123327135,0.163723018527334,-0.08712207746795325
-0.01621318372852848,0.163723018527334,-0.4773414043401176
0.05542102344300401,2.615370270321255,-0.12488523813300141
-0.14535513204196257,0.163723018527334,0.6177902549462791
0.49183865482649425,0.163723018527334,0.6366718352788032
-0.0016859668895463677,0.163723018527334,-0.8297975705472338
0.11302895228724343,0.163723018527334,0.9954218615967608
-0.20005761751840556,1.3895466444242945,-0.18782383924141502
-0.018216937775284634,0.163723018527334,0.2905095291825284
-0.14194875016247713,3.8411938962182153,-0.7039203683304066
-0.800983456140576,0.163723018527334,-0.640981767221993
-0.440508103129144,-1.0621006073696264,-0.9556747727640611
-0.10137273071566501,0.163723018527334,0.5233823532836588
-0.3022490739029694,0.163723018527334,-0.502516844783483
-0.42848557884860705,0.163723018527334,-0.8297975705472338
-0.016112996026190672,0.163723018527334,-0.7416835289954548
0.33805053173795946,-1.0621006073696264,2.410306789954342
0.42942171627004005,1.3895466444242945,0.1142814460789703
0.2988771401238767,-2.287924233266587,0.6807288560546928
0.08247170307421207,1.3895466444242945,-0.7039203683304066
-0.09185489899357327,-1.0621006073696264,-1.2829554985278118
-0.3323053846043117,-1.0621006073696264,-0.8990300317664888
0.14889614972417858,1.3895466444242945,1.1150052037027467
0.20389919830763498,0.163723018527334,0.9312244884661789
0.8877804544655102,1.3895466444242945,1.750685074897724
0.06043040855989439,0.163723018527334,-0.23188086001730454
0.3177124281633845,0.163723018527334,2.915049195403376
0.16682974844264614,0.163723018527334,0.49191305272945196
-0.5026244785785847,-2.287924233266587,-0.9783326691630899
-0.5126432488123656,0.163723018527334,-0.36405192234497313
-0.041159921610642594,1.3895466444242945,-0.6724510677761998
0.01915307519671763,-1.0621006073696264,0.1142814460789703
0.004525670655397708,0.163723018527334,1.8214784134244677
-0.22770942336364047,0.163723018527334,0.0324612646380326
0.6163719688323892,-1.0621006073696264,0.5926148145029138
0.1844627840541003,-1.0621006073696264,-0.659863347554517
2.129306461835623,0.163723018527334,0.4289744516210383
-0.5220608928321194,-1.0621006073696264,0.7310797369414237
-0.03204284069790209,0.163723018527334,-0.2255869999064632
0.19027367078969315,0.163723018527334,0.038755124748873965
0.21021102355491686,1.3895466444242945,0.7814306178281546
-0.04887437469065378,1.3895466444242945,0.37862357073430747
0.3139052954745478,1.3895466444242945,-0.10600365780047734
0.6919134963950961,-2.287924233266587,4.039598356847845
-0.20005761751840556,-1.0621006073696264,-1.0186133738724747
-0.8415594755873881,0.163723018527334,-0.049358916802905085
-0.29343255609724234,1.3895466444242945,0.2414174203179658
-0.14595625825598943,0.163723018527334,-0.7668589694388203
0.09108784547526354,0.163723018527334,0.2401586482957975
-0.3084607114479135,0.163723018527334,-0.6787449278870412
1.245650927216159,1.3895466444242945,3.7017817092585465
-0.057089766282354015,0.163723018527334,-0.09970979768963598
-0.01070286009994906,0.163723018527334,-0.5780431661135794
-0.3505395464297927,-1.0621006073696264,-0.34722214040858335
-0.5604327828274998,-3.5137478591635474,1.3227025873605116
0.0053271722741001695,0.163723018527334,1.6877464737893104
-0.305054329568428,1.3895466444242945,0.038755124748873965
-0.15026432945651516,0.163723018527334,0.13945688652233573
-0.800983456140576,0.163723018527334,-0.640981767221993
-0.33430913865106787,0.163723018527334,-0.6787449278870412
-0.8252288801063254,0.163723018527334,-0.40810894312086266
-0.11028943622372989,0.163723018527334,1.648372084935887
1.4930143642882063,1.3895466444242945,0.6807288560546928
-0.5006207245318286,2.615370270321255,-0.9682624929857437
-0.09275658831461354,0.163723018527334,1.1829788928998333
-0.19745273725762258,-1.0621006073696264,-0.5151045650051658
-0.039256355266224244,0.163723018527334,-0.11859137802216005
-0.35234292507187326,-1.0621006073696264,-0.8675607312122819
-0.6090238184613365,-2.287924233266587,-0.4018150830100213
-0.7029998832542002,-1.0621006073696264,-0.8927361716556474
0.1336676189688318,0.163723018527334,-0.0053018960270155594
0.31620961262831737,0.163723018527334,-0.46601245614060316
0.19798812386970432,0.163723018527334,-0.502516844783483
0.3854393149437425,0.163723018527334,1.2094131053653672
-0.22710829714961364,0.163723018527334,-0.4521659638967522
-0.49220495753545274,-1.0621006073696264,-1.04378881431584
-0.009700983076570982,0.163723018527334,0.06393056519223941
-0.18803509323786866,0.163723018527334,0.9032545741335999
0.30568990388284756,0.163723018527334,-0.31370104145824224
0.038389114045576704,0.163723018527334,-0.24132165018356658
-0.05067775333273432,-1.0621006073696264,-0.5849664122355049
-0.2070707566820521,0.163723018527334,0.3660358505126247
-0.061197462078204125,0.163723018527334,-0.9304993323206956
0.5152825771735412,0.163723018527334,1.643689453013421
-0.7520918573997258,-1.0621006073696264,-0.17221506616652846
-0.15296939741963597,-1.0621006073696264,0.30183847738204284
-0.24534245897509463,1.3895466444242945,0.2401586482957975
0.09599704288981611,0.163723018527334,-0.012854528160025193
-0.0016859668895463677,-1.0621006073696264,-1.056376534537523
0.29607188445841803,0.163723018527334,2.5846215395842043
-0.88534150150901,0.163723018527334,-0.8675607312122819
-0.05678920317534059,1.3895466444242945,1.3730534682472424
-0.8664060257671644,-1.0621006073696264,-0.9430870525423783
-0.19995742981606776,0.163723018527334,-0.7039203683304066
-0.7348595725976229,-1.0621006073696264,0.1457507466331771
-0.17601256895733172,0.163723018527334,-0.41440280323170403
0.4629845965532056,1.3895466444242945,2.79546585329739
-0.88534150150901,-1.0621006073696264,-1.0878458350917297
0.013342188461124784,0.163723018527334,-0.6636396636210219
-0.2670831903823989,1.3895466444242945,0.44785603195356244
-0.88534150150901,-1.0621006073696264,-1.1507844362001431
-0.17471012882694023,0.163723018527334,0.05763670508139805
-0.106582491237231,0.163723018527334,0.17092618707654256
0.15160121768729937,0.163723018527334,1.7255096344543586
-0.17791613530175007,0.163723018527334,-0.8549730109905993
-0.15196752039625788,0.163723018527334,1.0268911621509675
-0.6649285563658331,-1.0621006073696264,-0.8864423115448061
-0.5527183297474886,0.163723018527334,-1.2829554985278118
0.024563211122959245,0.163723018527334,-0.7668589694388203
-0.16399004467679482,0.163723018527334,0.3030972494042111
-0.011704737123327135,0.163723018527334,0.7625490374956304
-0.1377408666642892,1.3895466444242945,-0.5528677256702139
0.07946607200407785,-1.0621006073696264,-0.5151045650051658
0.08016738592044251,0.163723018527334,-0.01159575613785692
14.876187830274892,1.3895466444242945,1.2094131053653672
-0.5176526339292559,0.163723018527334,-1.3144247990820186
-0.5777652553319405,-1.0621006073696264,0.6807288560546928
-0.21548652367842794,0.163723018527334,-0.09970979768963598
-0.1169018245780252,0.163723018527334,-0.2885256010148768
-0.2120801417989425,0.163723018527334,-0.4521659638967522
-0.1782166984087635,1.3895466444242945,0.6177902549462791
-0.17290675018485968,0.163723018527334,0.33456654995841795
-0.1706024330310901,0.163723018527334,0.49191305272945196
0.19217723713411147,0.163723018527334,0.6366718352788032
0.21892735365830612,-1.0621006073696264,-1.056376534537523
0.87956506287381,0.163723018527334,-0.06194663702458781
-0.09305715142162697,0.163723018527334,1.1968253851436843
-0.20496681493295815,0.163723018527334,-0.37663964256665583
-0.5026244785785847,0.163723018527334,-0.640981767221993
-0.5294747828051172,-1.0621006073696264,-1.358481819857908
0.15761247982756785,0.163723018527334,-0.06824049713542917
0.06914673866328366,0.163723018527334,0.05134284497055669
-0.2120801417989425,1.3895466444242945,-0.01788961624869828
-0.362361695305654,-1.0621006073696264,-0.7605651093279788
-0.2604708020281036,0.163723018527334,-0.41440280323170403
0.02115682924347378,0.163723018527334,1.0709481829268572
2.8640830707811045,-1.0621006073696264,0.7625490374956304
0.12495128886544253,1.3895466444242945,1.3730534682472424
-0.09185489899357327,0.163723018527334,-0.5276922852268485
-0.22069628419999396,-1.0621006073696264,-0.7102142284412479
-0.325893371654692,0.163723018527334,0.3030972494042111
-0.13233073073804758,0.163723018527334,0.2527463685174802
0.8637354059044363,-1.0621006073696264,-0.502516844783483
0.39405545734479397,0.163723018527334,2.950269636583644
-0.05127887954676117,1.3895466444242945,0.13945688652233573
0.07716175485030827,0.163723018527334,0.5989086746137551
-0.3323053846043117,-1.0621006073696264,0.05134284497055669
-0.5464065045002067,-1.0621006073696264,0.33456654995841795
-0.09065264656551958,0.163723018527334,0.801570970182847
-0.2509529703060119,-1.0621006073696264,-0.0216659323152031
-0.6277589187985065,-1.0621006073696264,-0.20418787552960257
-0.07321998635874105,0.163723018527334,-0.2759378807931941
-0.2396317599418396,0.163723018527334,-1.1696660165326673
-0.0699137921815934,0.163723018527334,-0.7416835289954548
-0.17901820002746596,0.163723018527334,-0.3442262629958228
0.5103733797589887,0.163723018527334,0.6584485912623144
-0.4838893782414147,3.8411938962182153,-0.566714217914065
0.08938465453552082,0.163723018527334,-0.6283940470003103
0.6153700918090111,0.163723018527334,0.6807288560546928
-0.09185489899357327,0.163723018527334,-0.1752361190197323
-0.25846704798134745,0.163723018527334,-0.483635264450959
0.3199165576148163,1.3895466444242945,-0.36405192234497313
-0.31236803183908796,0.163723018527334,0.7310797369414237
0.11853927591582285,0.163723018527334,-0.07453435724627053
0.3489709912927805,0.163723018527334,-0.2822317409040354
0.524299470383944,-1.0621006073696264,-0.30111332123655954
0.5719888166967404,1.3895466444242945,1.0835359031485399
0.31931543140078944,0.163723018527334,0.3030972494042111
-0.07181735852601175,0.163723018527334,-0.39048613481050687
0.7883942537464049,0.163723018527334,1.435992069355656
-0.013107364956056442,0.163723018527334,1.5731982197719978
0.29627225986309363,1.3895466444242945,0.5548516538378655
-0.26017023892109015,0.163723018527334,-1.1507844362001431
0.18285978081669538,-2.287924233266587,-1.2388984777519223
0.18646653810085645,0.163723018527334,2.254193883765033
-0.283714348970475,0.163723018527334,-0.1928589273300881
-0.25215522273406554,-1.0621006073696264,-0.6158063267786276
-0.2721927632016271,0.163723018527334,-0.7681177414609885
20.511245148264887,0.163723018527334,2.443009687090274
-0.09185489899357327,0.163723018527334,-0.03677119658122236
-0.27269370171331614,0.163723018527334,0.09539986574644621
0.24928422746666187,1.3895466444242945,0.9954218615967608
-0.15196752039625788,0.163723018527334,1.121299063813588
-0.06179858829223097,1.3895466444242945,0.9954218615967608
0.3604925770616284,0.163723018527334,0.08281214552476349
0.575295010873888,1.3895466444242945,2.035708823877286
0.1585141691486081,1.3895466444242945,2.1786675624349368
-0.01370849117008329,1.3895466444242945,1.5115183906857523
-0.4705644138304863,0.163723018527334,-0.6891297970699294
0.07595950242225458,2.615370270321255,0.7688428976064718
-0.5527183297474886,-1.0621006073696264,-1.18225373675435
0.03297897811933509,-2.287924233266587,1.801035955784455
0.10852050568204208,0.163723018527334,-0.4490190338413315
0.13737456395533068,2.615370270321255,0.422680591510197
-0.41225517106988224,0.163723018527334,-1.2955432187494946
0.010737308200341784,3.8411938962182153,-0.7794466896605029
-0.23452218712261141,0.163723018527334,-0.5276922852268485
0.013843126972813822,0.163723018527334,1.297527146917146
-0.23231805767117963,-1.0621006073696264,0.32827268984757657
-0.14775963689806995,0.163723018527334,0.13945688652233573
15.443250225506885,0.163723018527334,0.6045731487135123
0.3647004605598163,0.163723018527334,2.473547496348076
-0.13844218058065386,0.163723018527334,0.4163867313993556
0.3634982081317626,0.163723018527334,0.2716279488500043
0.18867066755228823,0.163723018527334,-0.326288761679925
0.36810684243930175,1.3895466444242945,0.2766630369386774
-0.2120801417989425,-1.0621006073696264,-1.2451923378627636
-0.19765311266229818,-1.0621006073696264,-1.1759598766435087
-0.16709586344926683,-1.0621006073696264,1.0709481829268572
-0.7939703169769294,0.163723018527334,-1.2074291771977155
-0.4089489768927346,0.163723018527334,-0.5125870209608292
0.22594049282195267,-1.0621006073696264,-0.3703457824558145
0.7096467197088882,0.163723018527334,-0.29481946112571816
-0.8083973461135737,-1.0621006073696264,-0.3388764819016077
0.9932781050272217,1.3895466444242945,3.225386849748742
-0.27018900915487093,-1.0621006073696264,1.7262774853878813
-0.5255674624139427,-1.0621006073696264,0.1142814460789703
-0.14355175339988205,0.163723018527334,-1.0815519749808882
-0.20005761751840556,-1.0621006073696264,-0.9443458245645466
-0.2120801417989425,-1.0621006073696264,-0.5151045650051658
0.07335462216147158,0.163723018527334,-0.04306505669206372
-0.12712097021648158,0.163723018527334,-0.09970979768963598
-0.6304639867616273,0.163723018527334,-0.5906308863352621
-0.35935606423551975,0.163723018527334,-0.640981767221993
0.14969765134288104,0.163723018527334,1.2471762660304153
-0.2982415658094571,-1.0621006073696264,-0.31370104145824224
-0.13754049125961357,0.163723018527334,-0.4521659638967522
-0.32218642666819314,1.3895466444242945,0.22127706796327343
-0.88534150150901,-1.0621006073696264,-0.7920344098821857
0.8298719625142573,0.163723018527334,0.1142814460789703
0.01734969655463709,0.163723018527334,-0.42699052345338673
-0.10187366922735404,0.163723018527334,-0.2759378807931941
-0.13693936504558674,0.163723018527334,-0.20041155946309774
-0.2721927632016271,-1.0621006073696264,-0.6158063267786276
-0.0688117274558775,0.163723018527334,-0.23817472012814592
-0.24003251075119084,0.163723018527334,-0.10726242982264561
0.6615566225867404,1.3895466444242945,-0.5851929911994952
-0.3348100771627569,-1.0621006073696264,-0.7039203683304066
0.011739185223719861,0.163723018527334,-0.729095808773772
-0.23211768226650403,1.3895466444242945,0.4856191926186106
-0.04977606401169405,-2.287924233266587,-1.5095344625181009
-0.16739642655628026,-1.0621006073696264,-0.41440280323170403
0.06273472571366397,1.3895466444242945,2.0024394793313784
0.0878818390004537,-2.287924233266587,2.6876142664380125
-0.2398321353465152,0.163723018527334,-0.024183476359539643
-0.5527183297474886,0.163723018527334,-0.6787449278870412
-0.3323053846043117,-1.0621006073696264,0.08595907558018417
-0.127421533323495,0.163723018527334,0.41009287128851424
-0.15196752039625788,-1.0621006073696264,-1.32071865919286
4.267011466617426,0.163723018527334,0.7436674571631063
-0.7348595725976229,-1.0621006073696264,0.13945688652233573
-0.2110782647755644,2.615370270321255,-1.2577800580844463
-0.3323053846043117,0.163723018527334,-0.7039203683304066
-0.11369581810321534,0.163723018527334,0.126869166300653
0.19608455752528597,0.163723018527334,3.0849834183960927
-0.21157920328725344,1.3895466444242945,-0.7794466896605029
0.16953481640576695,0.163723018527334,0.4289744516210383
-0.21819159164154875,0.163723018527334,-0.9367931924315369
-0.307659209829211,-1.0621006073696264,-1.0186133738724747
-0.038354665945183976,-1.0621006073696264,-0.9053238918773302
-0.0947603423613697,0.163723018527334,-0.6535694874436757
-0.3323053846043117,-1.0621006073696264,-0.729095808773772
-0.2932321806925667,1.3895466444242945,-0.1437668184655255
-0.15527371457340552,-1.0621006073696264,-1.4340081411880046
-0.2396317599418396,-1.0621006073696264,0.7562551773847891
0.4454517486440893,-2.287924233266587,0.8128999183823613
-0.17531125504096706,0.163723018527334,-0.20053743666531457
-0.03174227759088867,-1.0621006073696264,-0.9179116120990128
0.15761247982756785,1.3895466444242945,0.9702464211533953
-0.015311494407488212,0.163723018527334,-0.16264839879804957
-0.052681507379490476,0.163723018527334,-0.3892273627883386
-0.0036897209363025213,0.163723018527334,-0.8297975705472338
0.5068668101771654,1.3895466444242945,-0.049358916802905085
0.3643998974528029,0.163723018527334,1.2471762660304153
0.028370343811795935,0.163723018527334,1.999292549275958
-0.0947603423613697,0.163723018527334,-1.5221221827397835
2.4178470445685094,0.163723018527334,-0.4521659638967522
-0.6125303880431597,-1.0621006073696264,0.5170884931728174
-0.15597502848977018,-1.0621006073696264,-0.8297975705472338
0.07125068041237761,0.163723018527334,0.5926148145029138
-0.16208647833237647,0.163723018527334,0.0026787185935312863
-0.26778450429876355,0.163723018527334,-0.39552122289917996
1.192551444977121,1.3895466444242945,0.7310797369414237
-0.23612519036001633,0.163723018527334,-0.6913326481087239
-0.2070707566820521,0.163723018527334,-0.4899291245618003
-0.3463316629316048,-1.0621006073696264,0.3194612856923987
0.6129655869529037,0.163723018527334,0.4289744516210383
1.12542568441079,-1.0621006073696264,-0.8549730109905993
-0.13192997992869634,1.3895466444242945,1.6877464737893104
-0.15196752039625788,-1.0621006073696264,-0.5276922852268485
-0.7152227829394127,0.163723018527334,-0.5780431661135794
0.22874574848741128,-1.0621006073696264,1.1842376649220017
-0.19274391524774562,0.163723018527334,-0.9052231901155567
-0.37618759822827147,-1.0621006073696264,0.182255135276057
0.09419366424773558,0.163723018527334,-0.07453435724627053
-0.88534150150901,-1.0621006073696264,-1.2023940891090423
-0.4940083361775333,1.3895466444242945,-1.2716265503282973
-0.8612964529479362,-1.0621006073696264,-0.7353896688846134
0.03227766420297044,0.163723018527334,0.0009919640838258012
-0.8643020840180705,-2.287924233266587,-1.2577800580844463
0.015045379400867514,0.163723018527334,0.39121129095599017
-0.6128309511501732,-1.0621006073696264,-0.8172098503255512
-0.4525306274096809,-1.0621006073696264,-0.7794466896605029
-0.6248534754307101,-1.0621006073696264,-1.1400848740117129
0.18406203324474907,0.163723018527334,-0.8927361716556474
0.4923395933381833,-1.0621006073696264,4.708799326993164
0.15941585846964837,1.3895466444242945,-0.7920344098821857
-0.42848557884860705,0.163723018527334,-0.22684577192863145
-0.6607206728676452,-1.0621006073696264,-0.10600365780047734
-0.1770144459807098,1.3895466444242945,0.3660358505126247
-0.06630703489743232,0.163723018527334,-0.6724510677761998
0.5986387455185972,-1.0621006073696264,0.1142814460789703
0.06984805257964831,1.3895466444242945,0.23889987627362924
-0.19204260133138096,0.163723018527334,-0.7731528295496616
-0.4525306274096809,-1.0621006073696264,-0.7668589694388203
-0.48418994134842813,-1.0621006073696264,-0.8927361716556474
6.035725163689082,-1.0621006073696264,1.2471762660304153
-0.12161064658790216,0.163723018527334,0.2905095291825284
-0.15196752039625788,0.163723018527334,0.3660358505126247
-0.122211772801929,1.3895466444242945,0.08910600563560485
-0.09185489899357327,0.163723018527334,-0.06824049713542917
-0.5956988540504081,1.3895466444242945,-1.04378881431584
4.279033990897962,-1.0621006073696264,0.9450709807100299
-0.5426995595137079,0.163723018527334,-0.25076244034982864
-0.3508401095368061,0.163723018527334,-0.8927361716556474
-0.25175447192471434,0.163723018527334,1.038660680558241
-0.3323053846043117,0.163723018527334,-0.326288761679925
-0.2240024783771416,0.163723018527334,-1.4921256454515135
0.14739333418911146,0.163723018527334,0.09791740979078276
-0.20907451072880825,0.163723018527334,-0.7165080885520894
-0.7458802198547818,-1.0621006073696264,-0.02745628361717715
0.011138059009693014,-1.0621006073696264,-0.1752361190197323
-0.1038774232741102,0.163723018527334,-0.4332843835642281
0.09128822087993915,0.163723018527334,0.8695446593799336
-0.12281289901595585,0.163723018527334,0.07651828541392214
-0.3703767114926786,-2.287924233266587,0.39121129095599017
0.1437865769049504,0.163723018527334,0.1142814460789703
-0.6854670353450838,-1.0621006073696264,-0.41440280323170403
0.4468543764768186,-1.0621006073696264,3.2612115014996506
-0.5196563879760121,-1.0621006073696264,0.8821323796016163
-0.20406512561191786,-1.0621006073696264,-0.6095124666677862
0.2613067517471988,0.163723018527334,0.35218935826877373
0.31821336667507355,0.163723018527334,2.505948288198687
0.012039748330733284,0.163723018527334,1.4611675097990215
-0.4600447050850165,-1.0621006073696264,-1.151149480086572
0.5526525901455435,0.163723018527334,1.8262113962278204
0.13316668045714278,-1.0621006073696264,2.430421966868591
-0.8031875855920078,1.3895466444242945,-0.326288761679925
-0.6028121809163924,-1.0621006073696264,-0.21299927968478047
-0.276400646699815,0.163723018527334,-0.6095124666677862
-0.09185489899357327,0.163723018527334,-0.42699052345338673
-0.02282557208282379,0.163723018527334,-0.31370104145824224
0.17294119828525242,0.163723018527334,-0.07453435724627053
0.028370343811795935,0.163723018527334,-0.26335016057151134
-0.9007704076690325,-2.287924233266587,-1.1948414569760328
-0.7866566147062695,0.163723018527334,-0.8297975705472338
-0.10287554625073211,0.163723018527334,-0.6032186065569448
0.507067185581841,0.163723018527334,-0.10241615753729776
-0.2590681741953743,0.163723018527334,-0.326288761679925
-0.47417117111464735,-1.0621006073696264,-1.1281265398011144
-0.2642779347169403,-1.0621006073696264,-1.83807396030402
0.21792547663492806,1.3895466444242945,3.1353342992828237
-0.13994499611572095,1.3895466444242945,0.038755124748873965
-0.2721927632016271,0.163723018527334,-0.640981767221993
-0.29874250432114613,-1.0621006073696264,-0.7668589694388203
-0.8643020840180705,0.163723018527334,-0.8549730109905993
-0.07151679541899832,0.163723018527334,0.5762507782147261
-0.13493561099883059,-1.0621006073696264,-0.5151045650051658
0.5094716904379484,-2.287924233266587,1.3604657480255598
-0.8224236244408668,0.163723018527334,-0.42699052345338673
-0.2926310544785399,1.3895466444242945,-0.7102142284412479
-0.09646353330111243,0.163723018527334,0.4289744516210383
-0.265981125656683,-1.0621006073696264,0.3446367261357641
-0.09185489899357327,0.163723018527334,-0.25076244034982864
-0.09185489899357327,0.163723018527334,-0.7102142284412479
0.404975916899615,-1.0621006073696264,-0.20167033148526603
-0.37318196715813723,-1.0621006073696264,0.273704922686582
-0.14194875016247713,0.163723018527334,-0.6422405392441612
-0.13323242005908784,0.163723018527334,-0.5906308863352621
0.007731677130207554,-1.0621006073696264,-1.0626703946483642
0.17063688113148284,0.163723018527334,2.7937161601865763
-0.006895727411112367,0.163723018527334,-0.2885256010148768
-0.03094077597218621,0.163723018527334,1.0583604627051744
-0.09876785045488201,0.163723018527334,0.37862357073430747
0.04019249268765724,0.163723018527334,0.66814113583301
0.028370343811795935,0.163723018527334,-0.9399401224869577
0.14739333418911146,0.163723018527334,-0.3892273627883386
-0.5527183297474886,0.163723018527334,-0.2759378807931941
2.963268896095534,0.163723018527334,0.04819591491513601
0.12725560601921213,0.163723018527334,1.6971872639555725
-0.3022490739029694,0.163723018527334,-0.06194663702458781
0.2788395996563151,-1.0621006073696264,-0.6158063267786276
0.44394893310902217,0.163723018527334,3.3400232178076066
-0.14214912556715273,-1.0621006073696264,-1.1948414569760328
2.2192750185349746,1.3895466444242945,0.24801338571412754
-0.03174227759088867,0.163723018527334,-0.07453435724627053
-0.43700153354732074,0.163723018527334,-0.6661572076653585
-0.3323053846043117,-1.0621006073696264,-0.9242054722098543
-0.5527183297474886,-2.287924233266587,-1.7826879913286158
-0.14635700906534066,0.163723018527334,-0.03677119658122236
-0.35234292507187326,0.163723018527334,-0.9242054722098543
-0.15958178577393126,0.163723018527334,0.08910600563560485
0.2222335478354538,0.163723018527334,-0.877001521378544
0.10381168367216512,0.163723018527334,-0.2885256010148768
0.09078728236825012,0.163723018527334,1.1464745042569535
0.4091838003978029,-1.0621006073696264,1.6877464737893104
0.04840788427935747,1.3895466444242945,0.8443692189365681
-0.03775353973115713,0.163723018527334,0.4069459412330936
-0.6470951453497035,-2.287924233266587,-0.6032186065569448
0.6599536193493355,0.163723018527334,-0.01581264241212063
0.33264039581171784,1.3895466444242945,0.6052025347245964
-0.1783168861111013,0.163723018527334,0.3660358505126247
-0.3278971257014482,-1.0621006073696264,-0.6472756273328344
-0.22861111268468076,-1.0621006073696264,-0.7039203683304066
-0.11439713201958,1.3895466444242945,1.033185022261809
-0.6485979608847705,-1.0621006073696264,-0.5151045650051658
-0.4525306274096809,0.163723018527334,-0.8612668711014406
0.0630352888206774,0.163723018527334,0.9387771205991886
-0.174309378017589,-1.0621006073696264,-0.9179116120990128
0.010837495902679592,0.163723018527334,1.297527146917146
-0.41445930052131397,-1.0621006073696264,-0.8549730109905993
0.43413053827991704,-1.0621006073696264,-0.502516844783483
0.052415392372869775,0.163723018527334,-0.9179116120990128
1.1376485840960024,0.163723018527334,-0.07453435724627053
-0.7334569447648936,-1.0621006073696264,0.66814113583301
0.08257189077654989,0.163723018527334,-0.7479773891062962
-0.050777941035072126,-1.0621006073696264,-0.13747295835468415
0.3396535349753644,0.163723018527334,-0.9179116120990128
1.1284313154809242,1.3895466444242945,0.05134284497055669
0.28344823396385427,1.3895466444242945,1.0961236233702225
-0.36656957880384194,1.3895466444242945,-0.6661572076653585
0.06824504934224339,1.3895466444242945,1.8136236760061377
-0.034647720958685096,0.163723018527334,0.4163867313993556
0.18135696528162826,-2.287924233266587,1.7078868261440028
-0.34913691859706336,-1.0621006073696264,-0.565958954700764
0.2589022468910914,3.8411938962182153,-0.4823764924287907
-0.31908060789572107,-1.0621006073696264,-0.7668589694388203
0.26471313362668425,0.163723018527334,0.5485577937270242
-0.05508601223559786,0.163723018527334,-0.13747295835468415
-0.0016859668895463677,0.163723018527334,-0.5276922852268485
-0.20406512561191786,-1.0621006073696264,-0.7857405497713443
-0.4232758183270411,0.163723018527334,-0.4521659638967522
0.12625372899583404,0.163723018527334,-0.20670541957393912
-0.6925803622110681,-1.0621006073696264,-0.4395782436750695
0.1636237419678363,1.3895466444242945,-0.6221001868894689
0.40758079716039797,0.163723018527334,0.01232091228334025
0.21912772906298175,0.163723018527334,0.9109960220699348
0.13266574194545372,0.163723018527334,-0.7857405497713443
0.2988771401238767,0.163723018527334,1.8136236760061377
-0.440508103129144,0.163723018527334,-0.6032186065569448
0.09279103641500627,-1.0621006073696264,2.378812313959692
-0.025029701534255558,-1.0621006073696264,-0.640981767221993
-0.17801632300408787,-1.0621006073696264,-0.5528677256702139
1.4605535487307566,-2.287924233266587,-0.4773414043401176
-0.14194875016247713,-1.0621006073696264,-1.2766616384169704
-0.2200951579859671,0.163723018527334,0.06267179317007114
0.2966730106724449,0.163723018527334,3.4116347581487596
-0.3924180060069963,-1.0621006073696264,-0.5402800054485313
-0.6093243815683499,-2.287924233266587,-0.5151045650051658
-0.25315709975744366,0.163723018527334,-0.8927361716556474
0.07866457038537539,0.163723018527334,1.7380973546760414
-0.6929811130204193,0.163723018527334,-0.8360410797771884
-0.6607206728676452,-1.0621006073696264,0.16716245873025942
0.2471802857175679,0.163723018527334,0.46044375217524514
-0.858290821877802,0.163723018527334,-0.37663964256665583
0.04109418200869751,0.163723018527334,1.1842376649220017
-0.15196752039625788,0.163723018527334,-0.502516844783483
-0.04767212226260009,0.163723018527334,0.49191305272945196
-0.7348595725976229,-1.0621006073696264,-0.37663964256665583
0.2290463115944247,0.163723018527334,0.5045007729511347
0.30889591035765745,0.163723018527334,0.3030972494042111
0.1950826805019079,0.163723018527334,-0.36405192234497313
-0.2721927632016271,0.163723018527334,0.5548516538378655
0.16542712060991685,1.3895466444242945,2.2428649355655184
-0.2578659217673206,0.163723018527334,-0.7857405497713443
0.05341726939624786,0.163723018527334,1.6625710333459451
-0.012205675635016174,0.163723018527334,-0.41440280323170403
0.13707400084831725,0.163723018527334,1.014303441929285
-0.21187976639426687,0.163723018527334,-0.42699052345338673
-0.9042769772508558,-2.287924233266587,-1.3270125193037012
-0.17200506086381942,0.163723018527334,-0.5465738655593726
-0.2660813133590208,0.163723018527334,0.02868494857152779
-0.3296003166411909,-1.0621006073696264,-0.9493809126532197
0.117938149701796,0.163723018527334,1.6853925701078558
0.17304138598759022,1.3895466444242945,1.5618692715724833
-0.22730867255428924,-1.0621006073696264,-1.4340081411880046
0.028370343811795935,1.3895466444242945,0.7436674571631063
-0.3459309121222535,0.163723018527334,-0.5780431661135794
-0.8415594755873881,-1.0621006073696264,-0.15635453868720822
-0.011704737123327135,1.3895466444242945,-0.19852340142984534
-0.05177981805845021,0.163723018527334,-0.26335016057151134
0.18285978081669538,0.163723018527334,-0.5163633370273341
-0.09185489899357327,0.163723018527334,-0.3514642021232904
0.10912163189606892,2.615370270321255,-0.5780431661135794
-0.14996376634950173,0.163723018527334,-0.15635453868720822
-0.15196752039625788,0.163723018527334,-0.7165080885520894
-0.5937952877059898,-1.0621006073696264,0.3597419904017834
0.13857681638338437,0.163723018527334,-1.2388984777519223
-0.12692059481180595,0.163723018527334,-0.5226571971381754
-0.3544468668209672,-3.5137478591635474,-0.4647536841184349
0.037988363236225474,6.292841148012136,0.2401586482957975
-0.440508103129144,-2.287924233266587,-1.5221221827397835
-0.4525306274096809,0.163723018527334,-1.1067274154242537
-0.174309378017589,-1.0621006073696264,-1.2074291771977155
-0.6547094107273768,-2.287924233266587,1.0528344535278558
0.21642266109986094,-2.287924233266587,1.171649944700319
-0.34733353995498284,0.163723018527334,0.5674393740595483
0.33494471296548745,1.3895466444242945,2.065378080439792
0.027669029895431282,1.3895466444242945,-0.36405192234497313
-0.13323242005908784,-1.0621006073696264,2.3911231043364976
0.0013196641805878627,0.163723018527334,-0.47419447428469697
-0.3323053846043117,0.163723018527334,-1.0400124982493353
-0.006494976601761136,0.163723018527334,-0.326288761679925
-0.28221153343540784,1.3895466444242945,-0.326288761679925
-0.8596934497105313,-2.287924233266587,-1.2137230373085568
-0.2396317599418396,0.163723018527334,0.31505558361480973
-0.14355175339988205,1.3895466444242945,-0.9179116120990128
-0.1770144459807098,-1.0621006073696264,0.126869166300653
-0.01971975331035175,0.163723018527334,-0.5780431661135794
-0.007997792136828252,-1.0621006073696264,2.1283166815482057
-0.88534150150901,0.163723018527334,-1.1696660165326673
-0.051078504142085555,0.163723018527334,-0.4458721037859108
-0.3323053846043117,0.163723018527334,-0.4018150830100213
0.6999285125821207,0.163723018527334,-1.0500826744266814
-0.05809164330573209,0.163723018527334,-0.1752361190197323
0.1870676643148833,0.163723018527334,0.2137244358302638
3.613988022779595,1.3895466444242945,2.782878133075707
0.3048884022641451,-1.0621006073696264,-0.8927361716556474
-0.05057756563039651,0.163723018527334,-0.5465738655593726
1.0398653866143022,-2.287924233266587,3.0472202577310443
0.06784429853289216,0.163723018527334,0.6240841150571205
0.7948062666960246,0.163723018527334,-0.6535694874436757
-0.2396317599418396,0.163723018527334,0.15833846685485983
0.36650383920189683,0.163723018527334,-0.16264839879804957
0.10852050568204208,-1.0621006073696264,-0.5465738655593726
-0.1887364071542333,0.163723018527334,-0.09341593757879461
-0.38951256263919987,0.163723018527334,-0.9732975810744169
0.0734548098638094,0.163723018527334,-0.20041155946309774
0.3932539557260915,0.163723018527334,0.963952561042554
-0.13192997992869634,0.163723018527334,-0.5151045650051658
-0.8243271907852852,0.163723018527334,-0.40810894312086266
-0.09185489899357327,1.3895466444242945,-1.18225373675435
-0.1497633909448261,-1.0621006073696264,-0.8990300317664888
0.13296630505246715,0.163723018527334,2.411540386536067
-0.05729014168702963,0.163723018527334,-0.659863347554517
-0.2509529703060119,-1.0621006073696264,-0.4773414043401176
-0.6028121809163924,0.163723018527334,-0.2704748102169838
-0.7644149447872762,-1.0621006073696264,-0.09970979768963598
0.07325443445913378,0.163723018527334,1.310114867138829
0.6264909267685078,1.3895466444242945,0.5045007729511347
-0.5465066922025446,0.163723018527334,0.33456654995841795
-0.031040963674524018,0.163723018527334,0.5910413494752034
-0.5421986210020188,-1.0621006073696264,-0.40433262705435785
-0.24323851722600068,-1.0621006073696264,2.6570009308588802
-0.2945346208229582,-1.0621006073696264,0.17344373112087907
-0.6102260708893902,-2.287924233266587,-0.502516844783483
1.1038853284081613,1.3895466444242945,7.226343371329708
1.5690568303626025,1.3895466444242945,1.939500878222965
-0.5126432488123656,-1.0621006073696264,-0.9118695063926052
-0.440508103129144,0.163723018527334,-0.4962229846726417
0.33003551555093485,-1.0621006073696264,-0.06194663702458781
-0.4525306274096809,-1.0621006073696264,-1.1570782963109847
-0.41045179242780166,-1.0621006073696264,-0.7228019486629307
-0.2070707566820521,0.163723018527334,-0.5339861453376898
-0.6246531000260345,-1.0621006073696264,0.18980776740906663
0.38213312076659484,0.163723018527334,1.6562771732351036
-0.09185489899357327,0.163723018527334,-0.5151045650051658
0.1924778002411249,1.3895466444242945,2.2783497188704422
-0.2892246725990544,1.3895466444242945,-0.5151045650051658
-0.2120801417989425,0.163723018527334,0.4037990111776729
-0.492605708344804,0.163723018527334,-1.5850607838481972
10.482856895059689,-1.0621006073696264,1.5241061109074352
-0.42848557884860705,-1.0621006073696264,0.9198955402666645
-0.15016414175417733,0.163723018527334,-0.01738610743983097
-0.3361125172931484,0.163723018527334,-0.8939949436778157
-0.6398816307813813,-1.0621006073696264,-1.6228239445132453
-0.18082157866954648,-1.0621006073696264,-0.9836698625370834
-0.5856800838166273,-1.0621006073696264,0.10169372585728757
-0.06450365625535177,0.163723018527334,-0.6535694874436757
0.30058033106361937,0.163723018527334,-0.6346879071111516
-0.03775353973115713,0.163723018527334,-0.20041155946309774
0.028370343811795935,0.163723018527334,-0.2696440206823527
-0.05177981805845021,0.163723018527334,-0.30111332123655954
0.002521916608641555,0.163723018527334,2.015027199553061
-0.05979483424547482,0.163723018527334,-0.659863347554517
-0.3961249509934952,-1.0621006073696264,1.1842376649220017
-0.6102260708893902,-2.287924233266587,-0.4773414043401176
-0.24013269845352864,0.163723018527334,-0.7102142284412479
-0.23492293793196264,1.3895466444242945,-0.5780431661135794
0.27743697182358584,0.163723018527334,1.750685074897724
-0.35635043316538556,0.163723018527334,-0.7605651093279788
1.1199153607822105,0.163723018527334,0.5170884931728174
-0.32088398653780165,-1.0621006073696264,0.17092618707654256
0.09599704288981611,1.3895466444242945,-0.8927361716556474
-0.42848557884860705,-1.0621006073696264,-0.9808502132074265
-0.5137453135380814,-1.0621006073696264,0.6996104363872169
-0.09285677601695136,0.163723018527334,0.08281214552476349
0.08888371602383177,0.163723018527334,0.5233823532836588
-0.05177981805845021,0.163723018527334,-0.6233589589116372
-0.15417164984768966,0.163723018527334,-0.9179116120990128
0.028370343811795935,-1.0621006073696264,-0.2255869999064632
-0.19765311266229818,-1.0621006073696264,-1.1004335553134124
-0.005392911876045251,0.163723018527334,0.7424086851409382
0.028370343811795935,0.163723018527334,-0.024183476359539643
-0.12060876956452408,0.163723018527334,0.1142814460789703
-0.09185489899357327,-1.0621006073696264,-0.6158063267786276
-0.3755864720142446,0.163723018527334,-0.4899291245618003
-0.2070707566820521,0.163723018527334,-0.024183476359539643
0.23736189088846274,0.163723018527334,-0.07453435724627053
-0.5131441873240545,-1.0621006073696264,-0.01159575613785692
-0.15567446538275675,1.3895466444242945,1.4964131264197331
-0.17250599937550845,1.3895466444242945,0.6933165762763754
0.11853927591582285,1.3895466444242945,1.070683840802202
0.0076314894278697466,0.163723018527334,1.0004569496854339
-0.21157920328725344,1.3895466444242945,-1.04378881431584
-0.17200506086381942,0.163723018527334,-1.0626703946483642
-0.27720214831851747,0.163723018527334,-0.23817472012814592
-0.12832322264453527,0.163723018527334,0.45414989206440376
-0.02773476949737636,0.163723018527334,1.190531525032843
-0.2591683618977121,0.163723018527334,-0.31370104145824224
-0.7300505628854081,0.163723018527334,-0.10600365780047734
0.025264525039323898,0.163723018527334,0.39121129095599017
0.110123508919447,0.163723018527334,-0.2771966528153623
-0.8252288801063254,0.163723018527334,-0.019148388270866554
0.17434382611798172,1.3895466444242945,1.3730534682472424
-0.14194875016247713,-1.0621006073696264,-0.6724510677761998
-0.3612596305799381,-1.0621006073696264,-1.0186133738724747
-0.18803509323786866,0.163723018527334,0.4314919956653749
-0.10888680839100058,0.163723018527334,1.9646763186663303
-0.09696447181280146,-1.0621006073696264,1.121299063813588
0.4077811725650736,-1.0621006073696264,1.0474343215527537
-0.009600795374233174,0.163723018527334,0.19610162751990798
0.19949093940477144,1.3895466444242945,-0.26335016057151134
-0.14194875016247713,0.163723018527334,0.4520980936682695
4.306785984445535,1.3895466444242945,4.494808083224558
-0.3270956240827457,-1.0621006073696264,-0.5793019381357477
-0.16429060778380822,-1.0621006073696264,-0.9934379334291092
-0.27028919685720876,0.163723018527334,-0.9304993323206956
-0.036751662707779055,-1.0621006073696264,-0.8360914306580752
0.371613412021125,0.163723018527334,2.694764091523928
-0.6028121809163924,-1.0621006073696264,-0.23817472012814592
0.06944730177029708,0.163723018527334,0.510794633061976
0.2838489847732055,0.163723018527334,-0.483635264450959
-0.2120801417989425,1.3895466444242945,-0.4647536841184349
0.0013196641805878627,-1.0621006073696264,-0.5780431661135794
-0.26467868552629154,0.163723018527334,-0.06194663702458781
-0.3370142066141887,0.163723018527334,-0.06320540904675608
0.577899891134671,0.163723018527334,0.07777705743609041
-0.1418485624601393,-2.287924233266587,-0.1941176993522564
-0.4224743167083386,0.163723018527334,-0.6661572076653585
-0.07281923554938982,0.163723018527334,-0.24446858023898727
0.028370343811795935,1.3895466444242945,-0.5276922852268485
-0.037553164326481515,1.3895466444242945,0.6555534156113273
-0.4525306274096809,-1.0621006073696264,-0.9191703841211811
0.16913406559641572,2.615370270321255,0.08281214552476349
-0.7348595725976229,-1.0621006073696264,-0.2608326165271748
0.08177038915784743,0.163723018527334,-0.4295080674977233
-0.05979483424547482,0.163723018527334,1.1186556425670346
-0.13613786342688428,0.163723018527334,0.5548516538378655
0.031576350286605784,0.163723018527334,0.17092618707654256
-0.2120801417989425,0.163723018527334,-0.12488523813300141
-0.23241824537351743,0.163723018527334,-0.47104754422927625
-0.28451585058917744,-1.0621006073696264,-0.8927361716556474
0.3006805187659572,1.3895466444242945,3.8276589114753734
-0.3323053846043117,0.163723018527334,-0.07453435724627053
0.22854537308273568,1.3895466444242945,0.2401586482957975
-0.5727558702150501,-1.0621006073696264,-0.8939949436778157
-0.23221786996884183,0.163723018527334,0.10169372585728757
0.33805053173795946,1.3895466444242945,5.060412115945428
-0.15196752039625788,-1.0621006073696264,-0.7920344098821857
0.17604701705772444,0.163723018527334,0.5885867440319752
-0.07682674364290212,0.163723018527334,-0.571749306002738
1.0887569853551524,0.163723018527334,0.5359700735053414
0.2888583698900959,0.163723018527334,-0.2639795465825955
-0.2421364525002848,-1.0621006073696264,-0.9430870525423783
-0.03775353973115713,0.163723018527334,0.0009919640838258012
-0.6090238184613365,-2.287924233266587,-0.45845982400759355
-0.18082157866954648,-1.0621006073696264,-1.5725611776680661
-0.07682674364290212,1.3895466444242945,-0.2897843730370451
-0.22730867255428924,0.163723018527334,-0.8172098503255512
0.1623213018374448,0.163723018527334,0.5535928818156973
0.09098765777292574,-1.0621006073696264,-0.5528677256702139
0.27533303007449184,0.163723018527334,1.1338867840352707
-0.1704020576264145,0.163723018527334,-0.326288761679925
-0.41536098984235426,-1.0621006073696264,0.5422639336161829
-0.3297005043435287,0.163723018527334,0.026167404527191244
-0.4525306274096809,-1.0621006073696264,-1.1067274154242537
0.18806954133826137,0.163723018527334,0.5548516538378655
-0.06179858829223097,0.163723018527334,-0.5213984251160072
0.07004842798432392,0.163723018527334,0.6505183275226543
0.42942171627004005,-1.0621006073696264,2.568886889307101
-0.4395062261057659,-1.0621006073696264,-0.8990300317664888
-0.1991559281973653,0.163723018527334,0.10169372585728757
1.821529840253878,0.163723018527334,0.05134284497055669
-0.7987793266891442,-1.0621006073696264,-0.42195543536471364
0.13857681638338437,0.163723018527334,-0.18782383924141502
-0.7350599480022986,-1.0621006073696264,-0.37663964256665583
-0.09706465951513928,0.163723018527334,0.7059042964980582
-0.05137906724909898,0.163723018527334,-0.1752361190197323
-0.26467868552629154,0.163723018527334,-0.51573395101625
-0.09185489899357327,-1.0621006073696264,-0.6661572076653585
-0.2421364525002848,-1.0621006073696264,-0.34517034201244906
-0.88534150150901,-1.0621006073696264,-1.0186133738724747
-0.09936897666890886,0.163723018527334,-0.4647536841184349
0.12525185197245595,0.163723018527334,-0.6346879071111516
0.16412468047952533,1.3895466444242945,-0.5151045650051658
-0.0076972290298148284,0.163723018527334,-0.29481946112571816
-0.14996376634950173,0.163723018527334,-0.0757931292684388
-0.25215522273406554,3.8411938962182153,-0.502516844783483
0.21522040867180725,1.3895466444242945,-0.34013525392377597
0.6141678393809574,0.163723018527334,-0.12488523813300141
-0.12020801875517285,0.163723018527334,0.4037990111776729
0.5015568619532615,0.163723018527334,-0.5969247464461035
3.5149023851675034,2.615370270321255,0.7436674571631063
-0.09185489899357327,0.163723018527334,0.07651828541392214
-0.6093243815683499,-2.287924233266587,-0.6221001868894689
-0.7334569447648936,-1.0621006073696264,0.4289744516210383
-0.33951889917263384,1.3895466444242945,-0.21299927968478047
0.15811341833925688,0.163723018527334,-0.2885256010148768
0.7417067844569866,0.163723018527334,-0.13747295835468415
-0.3626622584126674,0.163723018527334,-0.6787449278870412
0.04540225320922324,0.163723018527334,-0.42699052345338673
-0.2396317599418396,0.163723018527334,-0.08712207746795325
-0.011704737123327135,0.163723018527334,-0.36405192234497313
0.05131332764715389,1.3895466444242945,0.8695446593799336
-0.2880224201710007,0.163723018527334,0.11365206006788615
0.11102519824048727,0.163723018527334,-0.6221001868894689
-0.08464138442525113,0.163723018527334,-0.36405192234497313
-0.2590681741953743,0.163723018527334,-0.6095124666677862
-0.18803509323786866,0.163723018527334,0.8768455371085095
-0.1770144459807098,0.163723018527334,-0.40810894312086266
0.013943314675151629,0.163723018527334,0.8556981671360826
-0.35534855614200744,0.163723018527334,-0.6535694874436757
0.4253140204741899,-1.0621006073696264,-0.15006067857636685
-0.05799145560339428,0.163723018527334,0.6933165762763754
-0.3924180060069963,-1.0621006073696264,-0.8990300317664888
-0.1770144459807098,0.163723018527334,0.24645250840663888
-0.1627877922487411,0.163723018527334,-0.8172098503255512
0.16302261575380944,0.163723018527334,-0.6032186065569448
-0.48058318406426703,0.163723018527334,-1.440302001298846
-0.15196752039625788,1.3895466444242945,1.5426981736748604
1.479689399877278,0.163723018527334,-0.6126593967232069
-0.16859867898433395,1.3895466444242945,2.1283166815482057
0.12675466750752307,0.163723018527334,-0.41440280323170403
-0.35234292507187326,0.163723018527334,-0.5591615857810553
-0.3499384202157659,-1.0621006073696264,-0.30111332123655954
0.32472556732703106,0.163723018527334,0.08281214552476349
-0.0882481417094122,0.163723018527334,-0.03677119658122236
-0.43209233613276815,2.615370270321255,-0.7857405497713443
-0.33731476972120206,0.163723018527334,-1.0186133738724747
-0.5407959931692895,-1.0621006073696264,1.8627157848707003
-0.21278145571530716,1.3895466444242945,-0.4521659638967522
0.5960338652578142,0.163723018527334,-0.571749306002738
0.5358210561527919,1.3895466444242945,1.0961236233702225
0.16462561899121436,-1.0621006073696264,-0.39552122289917996
-0.24574320978444586,0.163723018527334,-0.7303545807959403
0.06684242150951408,0.163723018527334,-0.10600365780047734
-0.21067751396621318,0.163723018527334,-0.3325826217907663
0.2772365964189102,0.163723018527334,-0.20041155946309774
-0.3505395464297927,1.3895466444242945,-0.7812341459319819
-0.346732413740956,1.3895466444242945,-0.5151045650051658
-0.1755116304456427,-1.0621006073696264,-0.9367931924315369
-0.3505395464297927,3.8411938962182153,-0.4779330271905367
0.2406680850656104,-1.0621006073696264,5.421981791593042
-0.3530442389882379,0.163723018527334,-0.5780431661135794
-0.3182791062770186,-1.0621006073696264,-0.8927361716556474
-0.18082157866954648,-1.0621006073696264,-0.3514642021232904
-0.26467868552629154,0.163723018527334,-0.01159575613785692
0.4350322276009573,0.163723018527334,0.7436674571631063
-0.43519815490524016,0.163723018527334,-0.6976265082195653
-0.05979483424547482,0.163723018527334,-0.6661572076653585
0.29897732782621445,0.163723018527334,0.9324832604883472
0.09850173544826131,0.163723018527334,0.8695446593799336
-0.16348910616510576,-1.0621006073696264,-0.6283940470003103
0.20760614329413388,0.163723018527334,-0.08712207746795325
0.10852050568204208,2.615370270321255,-0.3351001658351029
-0.12331383752764488,0.163723018527334,-0.47104754422927625
-0.440508103129144,0.163723018527334,-1.1696660165326673
-0.4254799477784728,1.3895466444242945,-0.4521659638967522
-0.7530937344231039,-1.0621006073696264,-0.09048299876714254
-0.8531812490585738,0.163723018527334,-1.3333063794145428
-0.15196752039625788,-2.287924233266587,-1.8329004072929083
0.6635603766334967,0.163723018527334,-0.5780431661135794
0.2613067517471988,1.3895466444242945,0.718492016719741
0.05131332764715389,0.163723018527334,-0.05565277691374645
-0.2058685042539984,0.163723018527334,0.2527463685174802
-0.174309378017589,1.3895466444242945,-0.4408370156972377
-0.028035332604389788,0.163723018527334,-0.13759883555690097
-0.2509529703060119,-1.0621006073696264,0.15204460674401846
-0.02773476949737636,0.163723018527334,0.33456654995841795
0.5103733797589887,0.163723018527334,-0.07453435724627053
0.14849539891482733,1.3895466444242945,1.310114867138829
-0.06179858829223097,1.3895466444242945,-0.06194663702458781
0.13236517883844032,0.163723018527334,0.6996104363872169
0.24938441516899967,1.3895466444242945,0.5170884931728174
-0.15948159807159346,0.163723018527334,0.2527463685174802
-0.14194875016247713,-1.0621006073696264,-0.798328269993027
0.11553364484568861,0.163723018527334,1.750685074897724
-0.20336381169555323,0.163723018527334,0.1142814460789703
1.7165331282038554,1.3895466444242945,0.7688428976064718
-0.4700634753187973,-2.287924233266587,-1.2716265503282973
-0.04346423876441217,-1.0621006073696264,0.05008407294838842
-0.0843408213182377,0.163723018527334,0.9073078200449818
-0.17601256895733172,0.163723018527334,0.7411373253985482
1.35986490788126,1.3895466444242945,0.7990534261385104
0.21271571611336207,1.3895466444242945,-0.3778984145888241
-0.17651350746902075,0.163723018527334,0.4163867313993556
-0.281109468709692,1.3895466444242945,-0.3892273627883386
1.451035717008665,1.3895466444242945,-0.4773414043401176
0.3865413796694584,0.163723018527334,-0.5465738655593726
-0.17000130681706327,-1.0621006073696264,-0.7051791403525749
-0.2358246272530029,0.163723018527334,-0.4773414043401176
0.40267159974584543,0.163723018527334,1.121299063813588
0.34957211750680733,0.163723018527334,0.1457507466331771
-0.11589994755464712,0.163723018527334,0.2086893477415907
-0.3323053846043117,0.163723018527334,-0.6535694874436757
-0.2721927632016271,0.163723018527334,-0.7681177414609885
-0.3323053846043117,-1.0621006073696264,-0.5918896583574303
0.055921961954693046,1.3895466444242945,-0.1122975179113187
-0.11189243946113481,1.3895466444242945,-0.6724510677761998
-0.3387173975539314,1.3895466444242945,-0.4521659638967522
-0.923412828397377,-1.0621006073696264,-0.7165080885520894
-0.310264090089994,0.163723018527334,-0.6158063267786276
-0.2070707566820521,0.163723018527334,0.05134284497055669
-0.7959740710236857,0.163723018527334,-0.326288761679925
-0.33160407068794706,-1.0621006073696264,-0.8109159902147097
0.1713381950478475,1.3895466444242945,1.1464745042569535
-0.8224236244408668,0.163723018527334,-0.326288761679925
0.14088113353715395,-1.0621006073696264,0.7310797369414237
0.0800671982181047,1.3895466444242945,0.4277156795988701
-0.028035332604389788,0.163723018527334,-0.025442248381707912
-0.09185489899357327,-1.0621006073696264,-0.26335016057151134
-0.31326972116012824,0.163723018527334,-0.5780431661135794
-0.4600447050850165,-1.0621006073696264,-1.8003107996389716
-0.013508115765407674,-1.0621006073696264,-0.5151045650051658
0.028370343811795935,1.3895466444242945,-0.5780431661135794
-0.8264311325343792,-1.0621006073696264,-0.09970979768963598
-0.2629754945865488,-1.0621006073696264,-1.024907233983316
0.11242782607321658,0.163723018527334,0.013579684305508523
0.08988559304720985,0.163723018527334,-0.16894225890889095
-0.7880592425389988,0.163723018527334,-0.20041155946309774
-0.4625493976434617,-1.0621006073696264,-1.2011353170868742
-0.625454601644737,-2.287924233266587,0.23889987627362924
-0.10688305434424443,0.163723018527334,-0.8927361716556474
-0.1704020576264145,0.163723018527334,-0.5276922852268485
0.1608184863023777,0.163723018527334,-0.03173610849254928
0.1689336901917401,1.3895466444242945,1.9520885984446477
-0.7348595725976229,-1.0621006073696264,-0.264671871194788
0.0734548098638094,1.3895466444242945,0.9438122086878616
-0.039256355266224244,1.3895466444242945,-0.6913326481087239
0.036385359998820546,0.163723018527334,-0.7039203683304066
-0.5216601420227682,-1.0621006073696264,-0.8046221301038684
-0.03584997338673879,0.163723018527334,2.697180933806491
0.1532042209247043,1.3895466444242945,0.1772200471873839
-0.2396317599418396,0.163723018527334,0.20239548763074935
-0.10668267893956881,0.163723018527334,2.1031412411048405
0.7167600465748725,1.3895466444242945,-0.16264839879804957
-0.07582486661952405,0.163723018527334,0.07651828541392214
-0.16739642655628026,0.163723018527334,-0.08838084949012152
0.19428117888320545,0.163723018527334,1.9709701787771718
-0.5815723880207772,0.163723018527334,-0.7467186170841279
0.014243877782165053,0.163723018527334,-0.5591615857810553
0.12024246685556557,-1.0621006073696264,0.05134284497055669
-0.07321998635874105,0.163723018527334,-1.1319028558676192
-0.37618759822827147,-1.0621006073696264,0.3156849696258938
-0.031141151376861825,-1.0621006073696264,-1.2451923378627636
-0.5126432488123656,-1.0621006073696264,-1.1948414569760328
0.14428751541663942,0.163723018527334,0.6429656953896447
0.09850173544826131,1.3895466444242945,-0.5540635590912738
-0.7348595725976229,-2.287924233266587,0.0009919640838258012
-0.21358295733400962,0.163723018527334,-0.39048613481050687
0.16412468047952533,0.163723018527334,-0.21929313979562182
-0.8315407053536074,0.163723018527334,-1.1696660165326673
0.16041773549302646,0.163723018527334,0.7436674571631063
-0.4525306274096809,1.3895466444242945,-0.9934379334291092
1.0789385905260471,1.3895466444242945,-0.5780431661135794
-0.06931266596756655,1.3895466444242945,-1.0186133738724747
0.007531301725531939,0.163723018527334,-0.20041155946309774
-0.3323053846043117,-1.0621006073696264,-1.2074291771977155
0.11493251863166176,-1.0621006073696264,-0.7769291456161664
-0.2120801417989425,0.163723018527334,0.580027094281231
0.13687362544364165,0.163723018527334,0.2779218089608457
-0.47116554004451316,-2.287924233266587,0.08281214552476349
0.02676734057439101,0.163723018527334,-0.26335016057151134
-0.7517912942927124,-1.0621006073696264,0.40996699408629744
-0.3499384202157659,-1.0621006073696264,-0.06194663702458781
-0.3116667179227233,-1.0621006073696264,0.16463232696570118
-0.1079851190699603,-1.0621006073696264,-1.18225373675435
-0.7348595725976229,-1.0621006073696264,0.126869166300653
0.4990521693948164,-1.0621006073696264,1.3352903075821942
-0.28221153343540784,0.163723018527334,-0.8612668711014406
-0.12191120969491558,0.163723018527334,-0.16894225890889095
-0.09986991518059789,0.163723018527334,1.4117858833693602
-0.1026751708460565,0.163723018527334,-0.9556747727640611
-0.88534150150901,0.163723018527334,-0.7920344098821857
-0.344127533480173,2.615370270321255,-0.26335016057151134
0.5356206807481162,2.615370270321255,0.20239548763074935
0.40317253825753446,2.615370270321255,1.624807872680897
-0.2396317599418396,0.163723018527334,0.6177902549462791
-0.4219733781966496,-1.0621006073696264,-0.7700058994942409
0.09850173544826131,0.163723018527334,-1.2200168974193981
0.23856414331651643,-1.0621006073696264,1.694040333900152
-0.12792247183518404,0.163723018527334,1.3352903075821942
-0.9000690937526677,0.163723018527334,-1.056376534537523
-0.905679605083585,-2.287924233266587,-1.2703677783061291
0.2613067517471988,0.163723018527334,-0.326288761679925
-0.1389431190923429,1.3895466444242945,-0.09970979768963598
-0.5145468151567839,-2.287924233266587,0.18980776740906663
0.13246536654077812,1.3895466444242945,1.0241218637021974
-0.09185489899357327,1.3895466444242945,1.2220008255870498
0.31691092654468206,1.3895466444242945,-0.5201396530938389
0.5549569072993131,1.3895466444242945,4.728700512663645
-0.127421533323495,0.163723018527334,-0.4521659638967522
1.12542568441079,0.163723018527334,-0.8297975705472338
0.058426654513138235,-1.0621006073696264,-1.2086879492198837
-0.15266883431262254,0.163723018527334,-0.05584159271707169
0.06594073218847381,0.163723018527334,0.24193351684705477
-0.10187366922735404,1.3895466444242945,-0.20041155946309774
-0.19584973402021763,1.3895466444242945,-0.45845982400759355
0.08517677103733289,0.163723018527334,0.9324832604883472
0.08457564482330604,0.163723018527334,-0.01159575613785692
-0.34713316455030724,-1.0621006073696264,0.062042407158987
1.9478665329018534,0.163723018527334,0.8443692189365681
0.07926569659940223,0.163723018527334,1.939500878222965
0.07595950242225458,0.163723018527334,0.49191305272945196
-0.5607333459345132,-1.0621006073696264,0.41009287128851424
0.7497218006440112,-1.0621006073696264,-1.2577800580844463
0.30889591035765745,2.615370270321255,-1.1444905760893018
-0.4525306274096809,-1.0621006073696264,-0.8864423115448061
0.04840788427935747,0.163723018527334,-0.3388764819016077
0.3489709912927805,0.163723018527334,1.8513868366711859
-0.26848581821512824,0.163723018527334,-0.03677119658122236
-0.07582486661952405,1.3895466444242945,-0.16390717082021786
-0.6565127893694573,2.615370270321255,-0.37160455447798274
-0.09185489899357327,-1.0621006073696264,-0.5780431661135794
-0.03655128730310344,0.163723018527334,-0.5780431661135794
0.11853927591582285,1.3895466444242945,-0.3388764819016077
-0.29373311920425577,1.3895466444242945,-1.1256089957567779
-0.25716460785095596,0.163723018527334,-0.2696440206823527
-0.1964508602342445,-1.0621006073696264,0.16463232696570118
0.2613067517471988,0.163723018527334,0.4856191926186106
0.028370343811795935,0.163723018527334,-0.13747295835468415
0.5363219946644808,0.163723018527334,-0.5302098292711851
-0.6093243815683499,-2.287924233266587,-0.3149598134804105
-0.1745097534222646,0.163723018527334,-0.6913326481087239
0.052415392372869775,0.163723018527334,-0.4521659638967522
-0.3022490739029694,0.163723018527334,-0.6032186065569448
-0.1771146336830476,0.163723018527334,0.13945688652233573
-0.17200506086381942,0.163723018527334,-0.26335016057151134
0.2518891077274449,0.163723018527334,0.08281214552476349
-0.14505456893494914,-1.0621006073696264,-0.42699052345338673
-0.8558863170216946,0.163723018527334,-1.2263107575302397
0.0057279230834514005,0.163723018527334,0.894720099823299
-0.800983456140576,0.163723018527334,-0.5465738655593726
-0.7214344204843567,-2.287924233266587,0.20239548763074935
-0.19765311266229818,-1.0621006073696264,-1.107986187446422
-0.8372514043868624,-1.0621006073696264,-0.26335016057151134
-0.2120801417989425,1.3895466444242945,-0.5591615857810553
-0.1289243488585621,-2.287924233266587,-0.4395782436750695
-0.46575540411827154,-1.0621006073696264,-0.6535694874436757
-0.12020801875517285,0.163723018527334,-0.05650874188882087
-0.36416507394773456,0.163723018527334,-0.6787449278870412
-0.6833630935959898,-1.0621006073696264,-0.13747295835468415
-0.4525306274096809,0.163723018527334,-0.6661572076653585
0.13657306233662822,0.163723018527334,-0.30111332123655954
-0.2120801417989425,-2.287924233266587,-1.5221221827397835
-0.07602524202419966,0.163723018527334,-0.7731528295496616
-0.35234292507187326,-1.0621006073696264,-0.5780431661135794
-0.16098441360666058,0.163723018527334,-0.2696440206823527
-0.8516784335235067,0.163723018527334,-0.9430870525423783
0.17424363841564391,0.163723018527334,1.8136236760061377
-0.016012808323852865,0.163723018527334,-0.012854528160025193
1.2764085518338661,0.163723018527334,1.180776041861039
-0.2458433974867837,0.163723018527334,0.0009919640838258012
0.08467583252564385,0.163723018527334,1.2471762660304153
-0.25215522273406554,0.163723018527334,0.08910600563560485
-0.0036897209363025213,1.3895466444242945,0.3030972494042111
-0.3423241548380925,-1.0621006073696264,-0.6422405392441612
-0.15968197347626908,-1.0621006073696264,-0.5843370262244207
-0.5126432488123656,-1.0621006073696264,-0.8046221301038684
0.1571115413158788,0.163723018527334,1.7255096344543586
-0.27720214831851747,0.163723018527334,0.04001389677104224
-0.07542411581017282,0.163723018527334,-0.640981767221993
0.3314381433836642,0.163723018527334,-0.5151045650051658
-0.2962378117627009,0.163723018527334,-0.5944072024017669
-0.22580585701922215,-1.0621006073696264,-0.7869993217935126
-0.04336405106207436,0.163723018527334,0.40254023915550463
-0.15938141036925565,0.163723018527334,-0.8675607312122819
-0.11139150094944578,-1.0621006073696264,-0.7920344098821857
-0.13944405760403192,0.163723018527334,-0.21425805170694873
-0.008298355243841675,-1.0621006073696264,-0.8297975705472338
-0.6845653460240435,-1.0621006073696264,-0.08712207746795325
0.4062783570300065,0.163723018527334,0.9828341413750781
0.1281572953402524,1.3895466444242945,0.4289744516210383
-0.3323053846043117,-1.0621006073696264,-0.5151045650051658
-0.27179201239227585,1.3895466444242945,-0.5780431661135794
0.01955382600606886,0.163723018527334,-1.1004335553134124
-0.06179858829223097,2.615370270321255,-0.798328269993027
-0.06901210286055312,0.163723018527334,0.737373597052265
-0.17471012882694023,0.163723018527334,-0.15006067857636685
-0.43449684098887553,-1.0621006073696264,-0.9934379334291092
-0.09185489899357327,0.163723018527334,-0.7794466896605029
-0.41826643321015067,-1.0621006073696264,-1.094139695202571
-0.0699137921815934,-1.0621006073696264,0.18980776740906663
-0.17891801232512813,0.163723018527334,-0.4647536841184349
-0.31727722925364055,-1.0621006073696264,-0.5276922852268485
-0.02132275654775667,1.3895466444242945,0.2086893477415907
-0.05528638764027347,1.3895466444242945,3.0707592945455913
-0.15196752039625788,0.163723018527334,-1.2703677783061291
0.16662937303797054,-1.0621006073696264,-1.2703677783061291
-0.42848557884860705,0.163723018527334,-0.4018150830100213
0.068445424746919,0.163723018527334,-0.01159575613785692
0.14859558661716515,0.163723018527334,-0.08082821735711189
-0.4825869381110232,-1.0621006073696264,-0.8058809021260367
-0.15196752039625788,0.163723018527334,-0.4773414043401176
-0.2241026660794794,-1.0621006073696264,-0.7165080885520894
0.7251758135712483,0.163723018527334,-0.39048613481050687
0.3604925770616284,-1.0621006073696264,0.6177902549462791
-0.46355127466683976,-1.0621006073696264,-0.7605651093279788
0.3189146805914382,1.3895466444242945,0.2628165446948264
0.02516433733698609,0.163723018527334,0.4667376122860865
-0.1169018245780252,0.163723018527334,-0.012854528160025193
-0.5526181420451508,-1.0621006073696264,0.6177902549462791
0.1417828228581942,0.163723018527334,0.6823400842430681
-0.13994499611572095,1.3895466444242945,0.05134284497055669
-0.8252288801063254,0.163723018527334,-0.4395782436750695
0.42691702371159485,0.163723018527334,0.5422639336161829
-0.1796193262414928,0.163723018527334,-0.6535694874436757
0.23876451872119206,-3.5137478591635474,-0.9058399884064191
0.5650758652354316,-1.0621006073696264,0.16463232696570118
-0.09776597343150394,0.163723018527334,0.6576933280490134
-0.00419065944799156,0.163723018527334,0.8110117603491089
0.033580104333361935,0.163723018527334,-0.09970979768963598
0.3217199362568968,1.3895466444242945,0.6807288560546928
2.5290553941634757,1.3895466444242945,5.589939742510954
-0.06380234233898713,0.163723018527334,-0.12488523813300141
-0.13994499611572095,0.163723018527334,-0.2255869999064632
-0.6512028411455535,-1.0621006073696264,-0.11355628993348696
0.7527274317141455,0.163723018527334,0.24645250840663888
0.6054515092775682,1.3895466444242945,0.7310797369414237
0.0161474441265834,1.3895466444242945,1.310114867138829
-0.3572521224864258,0.163723018527334,-0.7731528295496616
-0.6579154172021866,0.163723018527334,-0.8297975705472338
-0.2841150997798262,0.163723018527334,-0.3275475337020932
-0.21859234245089998,0.163723018527334,-1.1067274154242537
0.06543979367678478,1.3895466444242945,0.8695446593799336
-0.4939081484751955,-1.0621006073696264,2.6632947909697213
0.5115756321870424,1.3895466444242945,7.100466169112881
0.028370343811795935,-1.0621006073696264,-0.7668589694388203
2.4662377047976705,0.163723018527334,0.07274196934741732
-0.07802899607095581,1.3895466444242945,-0.9569335447862293
0.009835618879301514,0.163723018527334,-1.0815519749808882
0.19478211739489448,-1.0621006073696264,1.0205973020401262
-0.1584797210482154,0.163723018527334,0.1772200471873839
-0.3022490739029694,0.163723018527334,0.10169372585728757
2.198736539555724,0.163723018527334,-0.16264839879804957
-0.7886603687530257,-1.0621006073696264,-0.08712207746795325
-0.09185489899357327,0.163723018527334,-0.7039203683304066
-0.6028121809163924,-1.0621006073696264,-0.20041155946309774
-0.11549919674529589,1.3895466444242945,-0.2885256010148768
-0.24924977936626913,0.163723018527334,-0.06194663702458781
0.3543811272190221,1.3895466444242945,0.4819687537543226
-0.16699567574692903,0.163723018527334,-0.4647536841184349
-0.14194875016247713,0.163723018527334,-0.03677119658122236
0.07195199432874227,0.163723018527334,-0.41440280323170403
-0.11660126147101177,0.163723018527334,-0.816580464314467
-0.011704737123327135,0.163723018527334,0.2137244358302638
-0.4525306274096809,0.163723018527334,-0.8046221301038684
-0.07682674364290212,0.163723018527334,0.4037990111776729
-0.03775353973115713,0.163723018527334,-0.34517034201244906
0.417499379691841,0.163723018527334,1.1452157322347851
-0.16198629063003864,-1.0621006073696264,-0.9304993323206956
-0.13844218058065386,0.163723018527334,0.2401586482957975
-0.275899708188126,0.163723018527334,-0.5151045650051658
-0.033545656232969207,0.163723018527334,1.3730534682472424
0.07024880338899954,0.163723018527334,0.10169372585728757
0.16202073873043138,1.3895466444242945,-0.21299927968478047
-0.11790370160140327,-1.0621006073696264,-0.8549730109905993
-0.027133643283349516,-3.5137478591635474,-0.4521659638967522
-0.031241339079199633,0.163723018527334,-0.5843370262244207
-0.34292528105211934,0.163723018527334,-0.7039203683304066
-0.15898065955990442,1.3895466444242945,-0.8675607312122819
-0.18803509323786866,0.163723018527334,0.6109425351456838
-0.42848557884860705,-1.0621006073696264,-1.2640739181952878
-0.88534150150901,0.163723018527334,-1.1256089957567779
-0.2721927632016271,-1.0621006073696264,-0.8297975705472338
-0.22710829714961364,0.163723018527334,-0.5906308863352621
-0.0020867176988975983,0.163723018527334,-0.4773414043401176
0.016347819531259015,1.3895466444242945,-0.5415387774706995
0.48763077132830634,0.163723018527334,0.038755124748873965
-0.0034893455316269057,0.163723018527334,-0.4521659638967522
0.4088832372907895,1.3895466444242945,0.4163867313993556
-0.16479154629549728,-1.0621006073696264,-0.42699052345338673
-0.17511087963629146,-2.287924233266587,2.346008715061987
-0.26117211594446826,1.3895466444242945,-0.6787449278870412
0.83888885572466,1.3895466444242945,0.1142814460789703
-0.27940627776994925,0.163723018527334,-0.6095124666677862
-0.06760947502782381,-1.0621006073696264,-0.9959554774734457
0.16462561899121436,0.163723018527334,-0.4899291245618003
-0.19955667900671653,1.3895466444242945,-0.640981767221993
0.26200806566356344,1.3895466444242945,-0.5291146976118987
-0.7903635596927684,-1.0621006073696264,-0.06824049713542917
0.18796935363592357,1.3895466444242945,0.1772200471873839
0.25599680352329496,0.163723018527334,-0.483635264450959
-0.148260575409759,-1.0621006073696264,1.0696894109046888
-0.23632556576469194,0.163723018527334,0.5535928818156973
-0.06690816111145917,0.163723018527334,0.84849799116928
0.010837495902679592,0.163723018527334,-0.13747295835468415
0.33805053173795946,-1.0621006073696264,3.5759045070417192
0.09198953479630381,0.163723018527334,0.6177902549462791
0.15761247982756785,0.163723018527334,-0.03677119658122236
-0.2396317599418396,0.163723018527334,0.07022442530308078
0.18145715298396606,0.163723018527334,-0.1387317303768524
-0.09185489899357327,0.163723018527334,-0.6472756273328344
-0.3323053846043117,0.163723018527334,-0.7794466896605029
0.0644379166534067,0.163723018527334,0.7940183380498372
-0.7394682069051621,-1.0621006073696264,-0.11544444796673937
-0.0660064717904189,0.163723018527334,-0.640981767221993
0.7038358329732953,0.163723018527334,1.4234043491339734
-0.359255876533182,0.163723018527334,-0.19537647137442465
-0.42848557884860705,0.163723018527334,-0.6724510677761998
0.37932786510113625,-1.0621006073696264,1.5178122507965937
-0.6468947699450278,-1.0621006073696264,-1.019872145894643
-0.09315733912396477,-1.0621006073696264,0.1142814460789703
-0.07682674364290212,0.163723018527334,-0.37663964256665583
1.419176027665242,0.163723018527334,0.0009919640838258012
-0.09185489899357327,-1.0621006073696264,-0.654828259465844
0.0734548098638094,2.615370270321255,-0.24446858023898727
0.30037995565894376,0.163723018527334,-0.0053018960270155594
-0.6468947699450278,-1.0621006073696264,0.0009919640838258012
-0.6794557732048153,0.163723018527334,0.03749635272670569
-0.03975729377791328,1.3895466444242945,-0.7416835289954548
0.27022345725526364,0.163723018527334,2.4870667078661635
0.35898976152656126,1.3895466444242945,2.5185360084203703
0.0828724538835633,0.163723018527334,-0.4647536841184349
1.3102719952240451,-3.5137478591635474,0.9954218615967608
-0.13633823883155988,0.163723018527334,0.06078363513681873
0.30148202038465965,0.163723018527334,-0.5528677256702139
0.099703987876315,-1.0621006073696264,-0.049358916802905085
-0.5164503815012023,0.163723018527334,-0.5276922852268485
0.08297264158590112,1.3895466444242945,-0.5528677256702139
0.24237127600535313,0.163723018527334,-0.23817472012814592
0.736797587042434,0.163723018527334,0.2137244358302638
-0.10457873719047485,0.163723018527334,0.7059042964980582
-0.3022490739029694,-1.0621006073696264,-1.4163853328776486
-0.07101585690730929,0.163723018527334,0.580027094281231
-0.24724602531951298,-1.0621006073696264,-0.01159575613785692
-0.17200506086381942,0.163723018527334,-0.3829335026774972
-0.11189243946113481,1.3895466444242945,-0.5276922852268485
-0.08804776630473658,1.3895466444242945,-0.15006067857636685
-0.4525306274096809,1.3895466444242945,-0.6095124666677862
-0.07281923554938982,0.163723018527334,-0.4773414043401176
2.6031942938934534,1.3895466444242945,0.1142814460789703
-0.4861936953951843,-1.0621006073696264,1.2220008255870498
0.05492008493131497,0.163723018527334,1.259763986252098
0.360192013954615,0.163723018527334,-0.0053018960270155594
-0.88534150150901,0.163723018527334,-0.7731528295496616
-0.3924180060069963,1.3895466444242945,-0.9242054722098543
-0.03775353973115713,1.3895466444242945,-0.22684577192863145
-0.23492293793196264,-1.0621006073696264,-0.8297975705472338
-0.2120801417989425,0.163723018527334,-0.5339861453376898
-0.18202383109760017,0.163723018527334,-0.326288761679925
-0.6854670353450838,-1.0621006073696264,-0.5151045650051658
5.347034897818992,0.163723018527334,-0.26335016057151134
-0.3022490739029694,0.163723018527334,-0.3388764819016077
0.024563211122959245,0.163723018527334,0.5548516538378655
-0.3022490739029694,0.163723018527334,-0.04306505669206372
-0.03975729377791328,1.3895466444242945,1.3730534682472424
-0.18322608352565387,0.163723018527334,0.6429656953896447
-0.7167255984744798,0.163723018527334,-0.640981767221993
0.26611576145941357,-1.0621006073696264,1.8136236760061377
-0.3568513716770746,-1.0621006073696264,0.2716279488500043
-0.2449417081657434,0.163723018527334,-0.5402800054485313
0.14859558661716515,-1.0621006073696264,-0.42699052345338673
-0.3370142066141887,0.163723018527334,-0.0216659323152031
0.6996279494751073,0.163723018527334,1.939500878222965
-0.1706024330310901,0.163723018527334,0.2779218089608457
-0.0946601546590319,1.3895466444242945,1.5241061109074352
0.42651627290224364,1.3895466444242945,1.9164401747768423
-0.2331195592898821,0.163723018527334,-0.7794466896605029
0.055921961954693046,1.3895466444242945,0.3270139178254083
-0.02913739733010567,0.163723018527334,1.4421978154249457
-0.6298628605476005,-1.0621006073696264,0.35218935826877373
0.4272175868186083,0.163723018527334,1.1842376649220017
-0.030239462055821554,0.163723018527334,-0.8801484514339647
-0.2120801417989425,0.163723018527334,-0.30740718134740086
-0.3897129380438755,-1.0621006073696264,-1.3647756799687496
-0.033144905423617976,0.163723018527334,0.1142814460789703
-0.5196563879760121,-1.0621006073696264,-1.2388984777519223
-0.053182445891179514,-1.0621006073696264,-0.42699052345338673
-0.6893743557362583,-1.0621006073696264,-1.5850607838481972
-0.6258553524540882,0.163723018527334,-1.2829554985278118
-0.3924180060069963,0.163723018527334,-0.6346879071111516
-0.0076972290298148284,2.615370270321255,0.9450709807100299
-0.14355175339988205,0.163723018527334,-0.05565277691374645
-0.05177981805845021,0.163723018527334,0.580027094281231
0.02636658976503978,0.163723018527334,-0.6095124666677862
-0.16429060778380822,-1.0621006073696264,-1.0186133738724747
-0.3323053846043117,-1.0621006073696264,-0.6976265082195653
-0.8164123623005984,0.163723018527334,-0.7039203683304066
-0.08684551387668289,-1.0621006073696264,-0.16390717082021786
-0.12732134562115718,1.3895466444242945,-0.5780431661135794
-0.641083883209435,-1.0621006073696264,-1.616530084402404
0.29386775500698625,0.163723018527334,0.2401586482957975
-0.09586240708708559,0.163723018527334,-0.659863347554517
-0.2227000382467501,0.163723018527334,-0.729095808773772
0.31841374207974915,0.163723018527334,-0.326288761679925
-0.11439713201958,0.163723018527334,0.5989086746137551
-0.2964381871673766,0.163723018527334,-0.049358916802905085
0.058727217620151664,0.163723018527334,-0.3157780152948199
-0.4525306274096809,-1.0621006073696264,-0.9116177519881715
1.0283438008454544,0.163723018527334,1.0268911621509675
0.47981613054595734,0.163723018527334,1.2907675411581025
0.5689831856266061,0.163723018527334,0.4289744516210383
-0.5276714041630367,1.3895466444242945,-0.7416835289954548
0.11282857688256781,3.8411938962182153,0.2401586482957975
-0.12722115791881938,1.3895466444242945,-0.12488523813300141
-0.4525306274096809,-1.0621006073696264,-0.5793019381357477
0.421106136976002,1.3895466444242945,2.883579894849169
-0.02012050411970298,0.163723018527334,0.6807288560546928
-0.03254377920959113,1.3895466444242945,-0.13747295835468415
-0.10417798638112362,0.163723018527334,-0.8927361716556474
0.20239638277256786,0.163723018527334,-0.39048613481050687
-0.8415594755873881,0.163723018527334,-0.04306505669206372
0.6231847325913601,0.163723018527334,1.6877464737893104
-0.06760947502782381,1.3895466444242945,0.10169372585728757
0.5651760529377695,0.163723018527334,0.9954218615967608
0.19999187791646048,1.3895466444242945,-0.9569335447862293
-0.20216155926749954,0.163723018527334,-0.30196928621163394
-0.7350599480022986,-1.0621006073696264,-0.4628403506447391
-0.3022490739029694,0.163723018527334,0.44156217184272106
-0.1340339216777903,0.163723018527334,0.15204460674401846
-0.7866566147062695,1.3895466444242945,-0.6787449278870412
-0.6093243815683499,-2.287924233266587,-0.4647536841184349
0.011839372926057669,0.163723018527334,0.6429656953896447
-0.5126432488123656,-1.0621006073696264,-0.9556747727640611
-0.09185489899357327,0.163723018527334,-0.1941176993522564
-0.07682674364290212,0.163723018527334,1.1754262607668238
0.08848296521448054,-1.0621006073696264,3.594786087374243
0.010837495902679592,0.163723018527334,0.8695446593799336
0.047506194958317205,0.163723018527334,0.7310797369414237
-0.4232758183270411,-1.0621006073696264,-1.1319028558676192
0.04820750887468186,0.163723018527334,-0.8046221301038684
-0.8579902587707886,-1.0621006073696264,-1.232604617641081
-0.07832955917796924,0.163723018527334,-0.16894225890889095
-0.23091542983845034,-1.0621006073696264,-1.5410037630723077
0.24126921127963724,1.3895466444242945,0.7121981566088996
-0.3323053846043117,1.3895466444242945,-0.30111332123655954
1.4849993481011818,0.163723018527334,-0.8675607312122819
-0.14595625825598943,-1.0621006073696264,-0.9556747727640611
-0.5090364915282044,0.163723018527334,-0.6976265082195653
0.6186762859861588,2.615370270321255,0.8695446593799336
-0.20005761751840556,2.615370270321255,-0.5654554458918967
0.43833842177810495,0.163723018527334,2.474478987644481
-0.4525306274096809,0.163723018527334,-0.6283940470003103
-0.14194875016247713,0.163723018527334,0.6807288560546928
-0.1575780317271751,1.3895466444242945,-0.7165080885520894
-0.2683856305127904,0.163723018527334,-0.729095808773772
0.028370343811795935,0.163723018527334,-0.2255869999064632
-0.648397585480095,-1.0621006073696264,0.8264694807813353
0.21522040867180725,1.3895466444242945,1.2624451706593165
4.677079732286073,0.163723018527334,-0.26335016057151134
-0.440508103129144,1.3895466444242945,-0.5465738655593726
-0.3323053846043117,0.163723018527334,-0.5402800054485313
-0.4353985303099158,0.163723018527334,-0.5472032515704567
-0.4525306274096809,0.163723018527334,-0.7668589694388203
-0.31076502860168304,0.163723018527334,0.15204460674401846
-0.37618759822827147,-1.0621006073696264,0.16310921281887758
0.4748067454290669,0.163723018527334,1.283957584518172
-0.01070286009994906,0.163723018527334,-0.9556747727640611
-0.6687356890546698,-1.0621006073696264,1.1842376649220017
-0.20757169519374113,-1.0621006073696264,-0.6032186065569448
-0.17400881491057557,0.163723018527334,-0.8675607312122819
-0.27820402534189553,0.163723018527334,-0.6976265082195653
1.004599315391394,0.163723018527334,0.4289744516210383
0.19067442159904438,0.163723018527334,0.6177902549462791
-0.09185489899357327,0.163723018527334,-0.5151045650051658
-0.3323053846043117,-1.0621006073696264,-1.1444905760893018
0.04780675806533063,-1.0621006073696264,0.9576587009317127
0.2540932371788766,1.3895466444242945,0.32827268984757657
-0.689474543438596,-2.287924233266587,-0.06320540904675608
0.08247170307421207,1.3895466444242945,-0.7353896688846134
0.603948693742501,0.163723018527334,2.0024394793313784
-0.13152922911934511,0.163723018527334,-0.7165080885520894
0.5875179105591006,0.163723018527334,0.5296762133945001
0.11853927591582285,0.163723018527334,-0.012854528160025193
-0.6485979608847705,-1.0621006073696264,-0.6724510677761998
-0.6093243815683499,-2.287924233266587,-0.5591615857810553
0.9190390175949061,1.3895466444242945,1.183860033315351
-0.10157310612034062,-1.0621006073696264,-0.4647536841184349
0.02045551532710913,0.163723018527334,-0.4899291245618003
0.04279737294844024,0.163723018527334,1.1338867840352707
0.04139474511571093,0.163723018527334,-0.5151045650051658
-0.3323053846043117,-1.0621006073696264,-0.7794466896605029
0.20329807209360815,0.163723018527334,0.02490863250502297
1.1434594708315953,1.3895466444242945,0.1412191673533713
-0.5599318443158108,-1.0621006073696264,-0.4679006141738556
0.028370343811795935,1.3895466444242945,-1.4654774417422112
-0.025630827748282403,0.163723018527334,0.07022442530308078
0.6896091792413266,0.163723018527334,-0.26335016057151134
-0.2120801417989425,0.163723018527334,-0.08712207746795325
-0.15196752039625788,0.163723018527334,-0.7605651093279788
0.19307892645515176,-1.0621006073696264,2.689942994679024
-0.3115665302203855,-1.0621006073696264,-0.3930036788548434
0.10691750244463716,0.163723018527334,0.20239548763074935
0.1011066157090443,0.163723018527334,0.126869166300653
-0.6102260708893902,-2.287924233266587,-0.3980387669435165
0.048708447386370896,0.163723018527334,1.624807872680897
-0.1665949249375778,-1.0621006073696264,-0.7542712492171375
-0.2020613715651617,0.163723018527334,-0.01663084422653001
-0.2120801417989425,0.163723018527334,-0.6535694874436757
1.5654500730784413,0.163723018527334,-0.2897843730370451
-0.05177981805845021,0.163723018527334,0.7436674571631063
0.12525185197245595,-1.0621006073696264,-0.8675607312122819
-0.9000690937526677,-2.287924233266587,-1.1193151356459363
-0.15196752039625788,1.3895466444242945,-0.5654554458918967
-0.12571834238375226,0.163723018527334,1.3364232024021458
-0.6854670353450838,-1.0621006073696264,-0.4521659638967522
0.6712748297135078,0.163723018527334,-1.2137230373085568
-0.3022490739029694,-1.0621006073696264,0.05134284497055669
-0.2604708020281036,0.163723018527334,-0.07453435724627053
0.26631613686408917,0.163723018527334,0.3660358505126247
-0.14775963689806995,1.3895466444242945,1.0772420430376985
-0.08013293782004978,-1.0621006073696264,-0.48835565953409
-0.05809164330573209,0.163723018527334,-0.42069666334254535
